40ants-doc, ghcr.io/ocicl/40ants-doc@sha256:dc8b57317ebc2f8e400628fb7d51b75c3a8b93b841cf76e5b171bd9c9d2f035d, doc-20260905-1ab3aa6/40ants-doc.asd
40ants-doc-full, ghcr.io/ocicl/40ants-doc@sha256:dc8b57317ebc2f8e400628fb7d51b75c3a8b93b841cf76e5b171bd9c9d2f035d, doc-20260905-1ab3aa6/40ants-doc-full.asd
40ants-doc-test, ghcr.io/ocicl/40ants-doc@sha256:dc8b57317ebc2f8e400628fb7d51b75c3a8b93b841cf76e5b171bd9c9d2f035d, doc-20260905-1ab3aa6/40ants-doc-test.asd
acclimation, ghcr.io/ocicl/acclimation@sha256:f6f7b6782ea4fa53b86f23cf169f06f16a441000e5512955f0ef6ab065adbe4b, acclimation-20251218-9339b92/acclimation.asd
acclimation-temperature, ghcr.io/ocicl/acclimation@sha256:f6f7b6782ea4fa53b86f23cf169f06f16a441000e5512955f0ef6ab065adbe4b, acclimation-20251218-9339b92/Temperature/acclimation-temperature.asd
alexandria, ghcr.io/ocicl/alexandria@sha256:407634b0781b2d8fc3e55a30432bcb5d0c042af2feb2d1d72de825940b0fb0df, alexandria-20260812-f283e25/alexandria.asd
archive, ghcr.io/ocicl/archive@sha256:05385cccdaaedddb9bfc2195c6aa81b7df6c36261c6d202bcc8d0094e6466ac1, archive-20240503-631271c/archive.asd
atomics, ghcr.io/ocicl/atomics@sha256:da49f4ab0778982770f155b7896bb6e2b6652c89ff1e3ef81ef31832abf150b8, atomics-20260830-1caed1a/atomics.asd
atomics-test, ghcr.io/ocicl/atomics@sha256:da49f4ab0778982770f155b7896bb6e2b6652c89ff1e3ef81ef31832abf150b8, atomics-20260830-1caed1a/atomics-test.asd
autoload, ghcr.io/ocicl/mgl-pax-bootstrap@sha256:1c15644701ad5b8e441b2724c265c995437052beb52322c447816c3cc17c564a, mgl-pax-20260313-f7f9414/autoload/autoload.asd
babel, ghcr.io/ocicl/babel@sha256:9d9fcde71acc2b5c39572de4f11756a08c1d8801caa86c581b85dabaa35928b3, babel-20250905-4eaf3f2/babel.asd
babel-streams, ghcr.io/ocicl/babel@sha256:9d9fcde71acc2b5c39572de4f11756a08c1d8801caa86c581b85dabaa35928b3, babel-20250905-4eaf3f2/babel-streams.asd
babel-tests, ghcr.io/ocicl/babel@sha256:9d9fcde71acc2b5c39572de4f11756a08c1d8801caa86c581b85dabaa35928b3, babel-20250905-4eaf3f2/babel-tests.asd
bordeaux-threads, ghcr.io/ocicl/bordeaux-threads@sha256:bbb32afe3987e102149cc019f4f7366a05f7a37d1503f5f86a27745e671c320a, bordeaux-threads-0.9.4/bordeaux-threads.asd
cffi, ghcr.io/ocicl/cffi-grovel@sha256:7072c620dda3331a746259217bf03aec289e471699d1dce4fd38d94cd673c3c9, cffi-20260821-787d3cd/cffi.asd
cffi-examples, ghcr.io/ocicl/cffi-grovel@sha256:7072c620dda3331a746259217bf03aec289e471699d1dce4fd38d94cd673c3c9, cffi-20260821-787d3cd/cffi-examples.asd
cffi-grovel, ghcr.io/ocicl/cffi-grovel@sha256:7072c620dda3331a746259217bf03aec289e471699d1dce4fd38d94cd673c3c9, cffi-20260821-787d3cd/cffi-grovel.asd
cffi-libffi, ghcr.io/ocicl/cffi-grovel@sha256:7072c620dda3331a746259217bf03aec289e471699d1dce4fd38d94cd673c3c9, cffi-20260821-787d3cd/cffi-libffi.asd
cffi-tests, ghcr.io/ocicl/cffi-grovel@sha256:7072c620dda3331a746259217bf03aec289e471699d1dce4fd38d94cd673c3c9, cffi-20260821-787d3cd/cffi-tests.asd
cffi-toolchain, ghcr.io/ocicl/cffi-grovel@sha256:7072c620dda3331a746259217bf03aec289e471699d1dce4fd38d94cd673c3c9, cffi-20260821-787d3cd/cffi-toolchain.asd
cffi-uffi-compat, ghcr.io/ocicl/cffi-grovel@sha256:7072c620dda3331a746259217bf03aec289e471699d1dce4fd38d94cd673c3c9, cffi-20260821-787d3cd/cffi-uffi-compat.asd
chipz, ghcr.io/ocicl/chipz@sha256:0fcb137c11e22325a7c0917913dede9f1cab93de879024225eb7081390cb26b6, chipz-20260821-4ce0bc5/chipz.asd
chunga, ghcr.io/ocicl/chunga@sha256:a2558d54ac5d4ccdbf49d7b51fcb074762d77e263ec67245f6d2928477b6d19a, chunga-20250814-1310e96/chunga.asd
cl-base64, ghcr.io/ocicl/cl-base64@sha256:702412dbc1ed825e275fb23e22c29527eb786bf644e47c7621bf0dbb34e17c7e, cl-base64-20240503-80496b7/cl-base64.asd
cl-base64-tests, ghcr.io/ocicl/cl-base64@sha256:702412dbc1ed825e275fb23e22c29527eb786bf644e47c7621bf0dbb34e17c7e, cl-base64-20240503-80496b7/cl-base64-tests.asd
cl-cancel, ghcr.io/ocicl/cl-cancel@sha256:b6e6387eed5027d5becb5fa18b370c1c3a755daf26bca037007018a611bcd353, cl-cancel-20260206-bec34fb/cl-cancel.asd
cl-fad, ghcr.io/ocicl/cl-fad@sha256:c0aaffc859e419e0a94cedb08f48c2484da404363fb0fe4ffd6e09a80aadafe1, cl-fad-0.7.6/cl-fad.asd
cl-interpol, ghcr.io/ocicl/cl-interpol@sha256:bf02bce744361792150a04310b24a623596b99190a9f85a1c2ebf35f12b2288c, cl-interpol-2.0.7/cl-interpol.asd
cl-json, ghcr.io/ocicl/cl-json@sha256:54c4d00901c2c5b0ea9da11eed8f0104fc5819e1ed9a29d1f3364503a720a868, cl-json-20240907-994dd38/cl-json.asd
cl-postgres_plus_local-time, ghcr.io/ocicl/local-time@sha256:73545a4ff5ab4edc96acf2affd1cbe28295d655d7bd51eaff509269a476b6bda, local-time-20260812-59d93f7/cl-postgres+local-time.asd
cl-ppcre, ghcr.io/ocicl/cl-ppcre@sha256:bf073924cf4fd5957a4fd961a95d446ed0e53fa32a5002cbd2d52182874f45e5, cl-ppcre-20250606-a2ea581/cl-ppcre.asd
cl-ppcre-unicode, ghcr.io/ocicl/cl-ppcre@sha256:bf073924cf4fd5957a4fd961a95d446ed0e53fa32a5002cbd2d52182874f45e5, cl-ppcre-20250606-a2ea581/cl-ppcre-unicode.asd
cl-selfupdate, ghcr.io/ocicl/cl-selfupdate@sha256:d4c4cfb0aecde5f811e6614cc16b3c80587416f3a6e07858d85c891eee7c4f0e, cl-selfupdate-20260412-ee7dcdc/cl-selfupdate.asd
cl-semver, ghcr.io/ocicl/cl-semver@sha256:519cd56427e124fddf732c284f391dfd22da99e1b01d1f2512cbf2e3465bad1f, cl-semver-20240503-b125d2c/cl-semver.asd
cl-semver-test, ghcr.io/ocicl/cl-semver@sha256:519cd56427e124fddf732c284f391dfd22da99e1b01d1f2512cbf2e3465bad1f, cl-semver-20240503-b125d2c/cl-semver-test.asd
cl-template, ghcr.io/ocicl/cl-template@sha256:77fe11d9e0a68bbc8333b94825145c8313dbeba422a71588f6d8e00e1d3807a4, cl-template-20240503-46193a9/cl-template.asd
cl-unicode, ghcr.io/ocicl/cl-unicode@sha256:d98f12c1271fb3c1812a27d64dfbe95b0bc5bcfd545b71b8101874e61270b120, cl-unicode-20240503-07e7ff5/cl-unicode.asd
cl-utilities, ghcr.io/ocicl/cl-utilities@sha256:e5e0676a4e0627332a0fe64d56ed4f1890f0466d715a11e8d95561b4c2baa38f, cl-utilities-20240503-6b4de39/cl-utilities.asd
closer-mop, ghcr.io/ocicl/closer-mop@sha256:39ec579e68118a8be57a7882812ff31094a031f88b77f11cf4434a92261f1126, closer-mop-20260329-04db182/closer-mop.asd
copy-directory, ghcr.io/ocicl/copy-directory@sha256:a8fa40cd0d17c4652545361ca4adb2ba08ea1aa6a844f8adcfbdfb9bde591b42, copy-directory-20250106-6926cbb/copy-directory.asd
copy-directory-test, ghcr.io/ocicl/copy-directory@sha256:a8fa40cd0d17c4652545361ca4adb2ba08ea1aa6a844f8adcfbdfb9bde591b42, copy-directory-20250106-6926cbb/copy-directory-test.asd
diff, ghcr.io/ocicl/diff@sha256:6401bc1fbfa25888448d0eeeb71002c4c752bd8f30f9714bc6b2a0162a935d87, diff-20240503-9c84bef/diff.asd
documentation-utils, ghcr.io/ocicl/documentation-utils@sha256:b2a1b3f3bcd1a738af85ae2b0168d408c177661eab6d6bbebb254e394d983f54, documentation-utils-20230511-98630dd/documentation-utils.asd
drakma, ghcr.io/ocicl/drakma@sha256:bcdea72535c7a4e93e60053df7d9c7a82b3f19f5ca808bf7bed8822d1f89f563, drakma-2.0.10/drakma.asd
drakma-test, ghcr.io/ocicl/drakma@sha256:bcdea72535c7a4e93e60053df7d9c7a82b3f19f5ca808bf7bed8822d1f89f563, drakma-2.0.10/drakma-test.asd
dref, ghcr.io/ocicl/mgl-pax-bootstrap@sha256:1c15644701ad5b8e441b2724c265c995437052beb52322c447816c3cc17c564a, mgl-pax-20260313-f7f9414/dref/dref.asd
dref-test, ghcr.io/ocicl/mgl-pax-bootstrap@sha256:1c15644701ad5b8e441b2724c265c995437052beb52322c447816c3cc17c564a, mgl-pax-20260313-f7f9414/dref/dref-test.asd
dref-test-package-inferred, ghcr.io/ocicl/mgl-pax-bootstrap@sha256:1c15644701ad5b8e441b2724c265c995437052beb52322c447816c3cc17c564a, mgl-pax-20260313-f7f9414/dref/test/data/dref-test-package-inferred.asd
ecclesia, ghcr.io/ocicl/ecclesia@sha256:d290875022fec890b79beb26f322bd7daa753c7010fd7f9c6be72aa17d5085e9, Ecclesia-20260814-74027d0/ecclesia.asd
esrap, ghcr.io/ocicl/esrap@sha256:d1748dc272d987937d759d2376dc18027efb1ed84c4b3561a367be3b4233183a, esrap-20251010-54debc5/esrap.asd
flexi-streams, ghcr.io/ocicl/flexi-streams@sha256:95005b06a8a95c82780c75ead53810bcb273d07fcf5fe76b527f1856df9923f2, flexi-streams-20240503-4951d57/flexi-streams.asd
flexi-streams-test, ghcr.io/ocicl/flexi-streams@sha256:95005b06a8a95c82780c75ead53810bcb273d07fcf5fe76b527f1856df9923f2, flexi-streams-20240503-4951d57/flexi-streams-test.asd
global-vars, ghcr.io/ocicl/global-vars@sha256:d197e871c9c9abc4bf31b1186f5fd28f0ca848ebe2e9dddf2d82ecee01dbdc65, global-vars-20240503-c749f32/global-vars.asd
global-vars-test, ghcr.io/ocicl/global-vars@sha256:d197e871c9c9abc4bf31b1186f5fd28f0ca848ebe2e9dddf2d82ecee01dbdc65, global-vars-20240503-c749f32/global-vars-test.asd
idna, ghcr.io/ocicl/idna@sha256:bcdbe9d13fdfa14870c3e23e3fce0f89700c48479c3fa3aa0e91eb533beea2cf, idna-20260908-a9ca49f/idna.asd
introspect-environment, ghcr.io/ocicl/introspect-environment@sha256:4fa482690dee130996f1d0f89b470e0e84c92f22caea7649d3b83ce3e49c78ba, introspect-environment-20240503-69a50ac/introspect-environment.asd
introspect-environment-test, ghcr.io/ocicl/introspect-environment@sha256:4fa482690dee130996f1d0f89b470e0e84c92f22caea7649d3b83ce3e49c78ba, introspect-environment-20240503-69a50ac/introspect-environment-test.asd
iolib, ghcr.io/ocicl/iolib@sha256:0f523172cd40b937dc1ed3ecd8d3ac1b5cb41c772c60f7ccbc42b2fa9e315047, iolib-20260812-c939f25/iolib.asd
iolib.asdf, ghcr.io/ocicl/iolib@sha256:0f523172cd40b937dc1ed3ecd8d3ac1b5cb41c772c60f7ccbc42b2fa9e315047, iolib-20260812-c939f25/iolib.asdf.asd
iolib.base, ghcr.io/ocicl/iolib@sha256:0f523172cd40b937dc1ed3ecd8d3ac1b5cb41c772c60f7ccbc42b2fa9e315047, iolib-20260812-c939f25/iolib.base.asd
iolib.common-lisp, ghcr.io/ocicl/iolib@sha256:0f523172cd40b937dc1ed3ecd8d3ac1b5cb41c772c60f7ccbc42b2fa9e315047, iolib-20260812-c939f25/iolib.common-lisp.asd
iolib.conf, ghcr.io/ocicl/iolib@sha256:0f523172cd40b937dc1ed3ecd8d3ac1b5cb41c772c60f7ccbc42b2fa9e315047, iolib-20260812-c939f25/iolib.conf.asd
iolib.examples, ghcr.io/ocicl/iolib@sha256:0f523172cd40b937dc1ed3ecd8d3ac1b5cb41c772c60f7ccbc42b2fa9e315047, iolib-20260812-c939f25/iolib.examples.asd
ironclad, ghcr.io/ocicl/ironclad@sha256:3117e5a26a3e94924074c3548c235a2b733609ed61a2731880ac9e31df55428b, ironclad-20240503-6da010f/ironclad.asd
ironclad-text, ghcr.io/ocicl/ironclad@sha256:3117e5a26a3e94924074c3548c235a2b733609ed61a2731880ac9e31df55428b, ironclad-20240503-6da010f/ironclad-text.asd
iterate, ghcr.io/ocicl/iterate@sha256:6950c55e3782d58cabbbb5753111a70d8cafab8348b7fd6f2143d9abeaab46fb, iterate-20250703-d27d7ff/iterate.asd
jsown, ghcr.io/ocicl/jsown@sha256:53af143a363c8fdaaf6bda090af3d8968672898768a0a5b762f748e2d34dbaba, jsown-20260812-4092b4f/jsown.asd
jsown-tests, ghcr.io/ocicl/jsown@sha256:53af143a363c8fdaaf6bda090af3d8968672898768a0a5b762f748e2d34dbaba, jsown-20260812-4092b4f/tests/jsown-tests.asd
lisp-namespace, ghcr.io/ocicl/lisp-namespace@sha256:ae08006e0b267958c50160658c729c799c6e1c18d94eef83f2ce5cf6ab8bbd20, lisp-namespace-20240503-699fccb/lisp-namespace.asd
lisp-namespace.test, ghcr.io/ocicl/lisp-namespace@sha256:ae08006e0b267958c50160658c729c799c6e1c18d94eef83f2ce5cf6ab8bbd20, lisp-namespace-20240503-699fccb/lisp-namespace.test.asd
local-time, ghcr.io/ocicl/local-time@sha256:73545a4ff5ab4edc96acf2affd1cbe28295d655d7bd51eaff509269a476b6bda, local-time-20260812-59d93f7/local-time.asd
mgl-pax, ghcr.io/ocicl/mgl-pax-bootstrap@sha256:1c15644701ad5b8e441b2724c265c995437052beb52322c447816c3cc17c564a, mgl-pax-20260313-f7f9414/mgl-pax.asd
mgl-pax-bootstrap, ghcr.io/ocicl/mgl-pax-bootstrap@sha256:1c15644701ad5b8e441b2724c265c995437052beb52322c447816c3cc17c564a, mgl-pax-20260313-f7f9414/mgl-pax-bootstrap.asd
mgl-pax-test, ghcr.io/ocicl/mgl-pax-bootstrap@sha256:1c15644701ad5b8e441b2724c265c995437052beb52322c447816c3cc17c564a, mgl-pax-20260313-f7f9414/mgl-pax-test.asd
mgl-pax.asdf, ghcr.io/ocicl/mgl-pax-bootstrap@sha256:1c15644701ad5b8e441b2724c265c995437052beb52322c447816c3cc17c564a, mgl-pax-20260313-f7f9414/mgl-pax.asdf.asd
multilang-documentation-utils, ghcr.io/ocicl/documentation-utils@sha256:b2a1b3f3bcd1a738af85ae2b0168d408c177661eab6d6bbebb254e394d983f54, documentation-utils-20230511-98630dd/multilang-documentation-utils.asd
named-readtables, ghcr.io/ocicl/named-readtables@sha256:9c467a5a6d7b4e928d4ca48986e14312cf29cd5a71347be0ebb515ebb964ced2, named-readtables-20260701-9b774b5/named-readtables.asd
named-readtables-test, ghcr.io/ocicl/named-readtables@sha256:9c467a5a6d7b4e928d4ca48986e14312cf29cd5a71347be0ebb515ebb964ced2, named-readtables-20260701-9b774b5/named-readtables-test.asd
parse-declarations-1.0, ghcr.io/ocicl/parse-declarations-1.0@sha256:9305fa9624205b16fd1fc51cb1cc4282a18e50eee9ac75b66a14f6f2c5df9518, parse-declarations-20240503-549aebb/parse-declarations-1.0.asd
parse-number, ghcr.io/ocicl/parse-number@sha256:11f3f9f512871e1f96cea6b8260aa3610e34e8fd7272bbcdb210fd3c5dd8025c, parse-number-20240503-cb9e487/parse-number.asd
path-parse, ghcr.io/ocicl/path-parse@sha256:169e04ad862c3044848a73461b18920c3c31000c92e41b8b67015ad4f43581e0, path-parse-20240503-86183f3/path-parse.asd
path-parse-test, ghcr.io/ocicl/path-parse@sha256:169e04ad862c3044848a73461b18920c3c31000c92e41b8b67015ad4f43581e0, path-parse-20240503-86183f3/path-parse-test.asd
precise-time, ghcr.io/ocicl/precise-time@sha256:0fa8039008f0635013d25c14d50c5743c64d6a1ef64bd0e62d1785a4b9d3a873, precise-time-20260218-93ea6ae/precise-time.asd
pure-tls, ghcr.io/ocicl/pure-tls@sha256:5a1f8a68058582ae4374cc714623e32c76dd8fe984899345b293f759d8ac6541, pure-tls-20260925-439d85b/pure-tls.asd
puri, ghcr.io/ocicl/puri@sha256:b803fb9444eaf2c7053812e19d342d4ce6a05fd1880fa3a2a2f824769a6d58d2, puri-20260406-4bbab89/puri.asd
pythonic-string-reader, ghcr.io/ocicl/pythonic-string-reader@sha256:6f0c22694e7d6b2143d116eec0f568e775343167d35c1ed36d624e485f54b3e3, pythonic-string-reader-20240503-47a70ba/pythonic-string-reader.asd
quri, ghcr.io/ocicl/quri@sha256:e2559f91600e4895e115b42dde88fcaac3677f051335d73431888dcf7af99f95, quri-0.7.0/quri.asd
quri-test, ghcr.io/ocicl/quri@sha256:e2559f91600e4895e115b42dde88fcaac3677f051335d73431888dcf7af99f95, quri-0.7.0/quri-test.asd
rewrite-cl, ghcr.io/ocicl/rewrite-cl@sha256:ca7e1aecbc5f0d9f5ce75350765033a07b2e8fe6032022bdf30a93d0de375228, rewrite-cl-20251231-5832ac0/rewrite-cl.asd
salza2, ghcr.io/ocicl/salza2@sha256:0f9d930524b469e1442372a6e12b26742d9e6a1144e6a455006943190d1ea71e, salza2-2.1/salza2.asd
serapeum, ghcr.io/ocicl/serapeum@sha256:9e5fbff1d7529972caaf2b8c14e22921c80ac030d877aee4e194e14c4e2cb27f, serapeum-20260716-ff930b6/serapeum.asd
split-sequence, ghcr.io/ocicl/split-sequence@sha256:3a37662eedd99c42995587b9d443c4631f25c4c523091bcca31a27b880585b8e, split-sequence-2.0.1/split-sequence.asd
string-case, ghcr.io/ocicl/string-case@sha256:9db2d4160b76ce1ed9f754d12f679c665593a9a436177d36380a1a8a176ec16a, string-case-20240503-718c761/string-case.asd
tar, ghcr.io/ocicl/tar@sha256:66dfa78c17d2cc74973e6232f2687e9c9e5d16a479e5278257ad58f0ac6f8955, cl-tar-20240503-7c6e07a/tar.asd
tar-cli, ghcr.io/ocicl/tar@sha256:66dfa78c17d2cc74973e6232f2687e9c9e5d16a479e5278257ad58f0ac6f8955, cl-tar-20240503-7c6e07a/tar-cli.asd
tar-cli-asdf, ghcr.io/ocicl/tar@sha256:66dfa78c17d2cc74973e6232f2687e9c9e5d16a479e5278257ad58f0ac6f8955, cl-tar-20240503-7c6e07a/tar-cli-asdf.asd
tar-file, ghcr.io/ocicl/tar-file@sha256:5f8c99e73924abdc4a59de9d38c73f5e574aebebc8cbc25df73e8b3fa4dde131, cl-tar-file-20240503-0c10bc8/tar-file.asd
trivia, ghcr.io/ocicl/trivia@sha256:51db74757bc31ceaf3a643914a8ffa87825799097dea4912650e6ac62bed5209, trivia-20240904-4383dd8/trivia.asd
trivia.balland2006, ghcr.io/ocicl/trivia@sha256:51db74757bc31ceaf3a643914a8ffa87825799097dea4912650e6ac62bed5209, trivia-20240904-4383dd8/trivia.balland2006.asd
trivia.benchmark, ghcr.io/ocicl/trivia@sha256:51db74757bc31ceaf3a643914a8ffa87825799097dea4912650e6ac62bed5209, trivia-20240904-4383dd8/trivia.benchmark.asd
trivia.cffi, ghcr.io/ocicl/trivia@sha256:51db74757bc31ceaf3a643914a8ffa87825799097dea4912650e6ac62bed5209, trivia-20240904-4383dd8/trivia.cffi.asd
trivia.fset, ghcr.io/ocicl/trivia@sha256:51db74757bc31ceaf3a643914a8ffa87825799097dea4912650e6ac62bed5209, trivia-20240904-4383dd8/trivia.fset.asd
trivia.level0, ghcr.io/ocicl/trivia@sha256:51db74757bc31ceaf3a643914a8ffa87825799097dea4912650e6ac62bed5209, trivia-20240904-4383dd8/trivia.level0.asd
trivia.level1, ghcr.io/ocicl/trivia@sha256:51db74757bc31ceaf3a643914a8ffa87825799097dea4912650e6ac62bed5209, trivia-20240904-4383dd8/trivia.level1.asd
trivia.level2, ghcr.io/ocicl/trivia@sha256:51db74757bc31ceaf3a643914a8ffa87825799097dea4912650e6ac62bed5209, trivia-20240904-4383dd8/trivia.level2.asd
trivia.ppcre, ghcr.io/ocicl/trivia@sha256:51db74757bc31ceaf3a643914a8ffa87825799097dea4912650e6ac62bed5209, trivia-20240904-4383dd8/trivia.ppcre.asd
trivia.quasiquote, ghcr.io/ocicl/trivia@sha256:51db74757bc31ceaf3a643914a8ffa87825799097dea4912650e6ac62bed5209, trivia-20240904-4383dd8/trivia.quasiquote.asd
trivia.test, ghcr.io/ocicl/trivia@sha256:51db74757bc31ceaf3a643914a8ffa87825799097dea4912650e6ac62bed5209, trivia-20240904-4383dd8/trivia.test.asd
trivia.trivial, ghcr.io/ocicl/trivia@sha256:51db74757bc31ceaf3a643914a8ffa87825799097dea4912650e6ac62bed5209, trivia-20240904-4383dd8/trivia.trivial.asd
trivial-cltl2, ghcr.io/ocicl/trivial-cltl2@sha256:69470b4f6469314799074b9d944050dc4bcb67d5cbb2ba32c7a8899bb492f04e, trivial-cltl2-20230809-2ada872/trivial-cltl2.asd
trivial-features, ghcr.io/ocicl/trivial-features@sha256:ab71fa7a6cbef84578616795f3af8ebb09d3bce1e6b89da3fc80db19236cc5b4, trivial-features-20260908-828246a/trivial-features.asd
trivial-features-tests, ghcr.io/ocicl/trivial-features@sha256:ab71fa7a6cbef84578616795f3af8ebb09d3bce1e6b89da3fc80db19236cc5b4, trivial-features-20260908-828246a/trivial-features-tests.asd
trivial-file-size, ghcr.io/ocicl/trivial-file-size@sha256:dfe138877e024d36e51fa14b1bcabf11e99e5745baa42ef4f627438485030f5c, trivial-file-size-20250427-60fd1bf/trivial-file-size.asd
trivial-garbage, ghcr.io/ocicl/trivial-garbage@sha256:e76c38568f7ff0a2564ab47e27e0b2293f00f258e6510f2abec4d46920f2c4db, trivial-garbage-20260829-f0663f7/trivial-garbage.asd
trivial-gray-streams, ghcr.io/ocicl/trivial-gray-streams@sha256:9d702556e5973fd18e67642b18bd5a2f901972ef7d5b134615e2f5fd77396bb9, trivial-gray-streams-20260818-257d73e/trivial-gray-streams.asd
trivial-gray-streams-test, ghcr.io/ocicl/trivial-gray-streams@sha256:9d702556e5973fd18e67642b18bd5a2f901972ef7d5b134615e2f5fd77396bb9, trivial-gray-streams-20260818-257d73e/trivial-gray-streams-test.asd
trivial-indent, ghcr.io/ocicl/trivial-indent@sha256:a0241d3e1739a0496d4387e031065b5cdab03c8da980b870767e5b84b36313b8, trivial-indent-20260908-4d62fcb/trivial-indent.asd
trivial-macroexpand-all, ghcr.io/ocicl/trivial-macroexpand-all@sha256:b23da4c2e508efe2396ec8f721cb22b8a4c076b2f0aea014a09f69dfd716d7f8, trivial-macroexpand-all-20250518-b6e4efa/trivial-macroexpand-all.asd
trivial-with-current-source-form, ghcr.io/ocicl/trivial-with-current-source-form@sha256:955baad39fb52d9d02af21ea36442c9675419c2486392279f669ada9788f3e3b, trivial-with-current-source-form-20240503-dc3fff9/trivial-with-current-source-form.asd
type-i, ghcr.io/ocicl/type-i@sha256:de5c3e7f7b72409c5ec49885eea8c6fe2e02def2846cf97f70c1c21f21a1567c, type-i-20240503-4407a68/type-i.asd
type-i.test, ghcr.io/ocicl/type-i@sha256:de5c3e7f7b72409c5ec49885eea8c6fe2e02def2846cf97f70c1c21f21a1567c, type-i-20240503-4407a68/type-i.test.asd
uffi, ghcr.io/ocicl/cffi-grovel@sha256:7072c620dda3331a746259217bf03aec289e471699d1dce4fd38d94cd673c3c9, cffi-20260821-787d3cd/uffi-compat/uffi.asd
unix-opts, ghcr.io/ocicl/unix-opts@sha256:af3d240e3ee9cd6f63c2d3187307159ab980a90e05f9e6e745e8aab049daba84, unix-opts-20250319-0e61f34/unix-opts.asd
usocket, ghcr.io/ocicl/usocket@sha256:282856b819b22a4319ba30a15605ee934aa23292a471fd29ea4d3f2074b3f16d, usocket-0.8.8/usocket.asd
usocket-server, ghcr.io/ocicl/usocket@sha256:282856b819b22a4319ba30a15605ee934aa23292a471fd29ea4d3f2074b3f16d, usocket-0.8.8/usocket-server.asd
usocket-test, ghcr.io/ocicl/usocket@sha256:282856b819b22a4319ba30a15605ee934aa23292a471fd29ea4d3f2074b3f16d, usocket-0.8.8/usocket-test.asd
version-string, ghcr.io/ocicl/version-string@sha256:eb8f45786af7fd6f792aecada1f905870f1d79abfaee0ceb774a94824ad9b14f, cl-version-string-20251228-668f2fa/version-string.asd
which, ghcr.io/ocicl/which@sha256:9379b03483ad339c81a3a897b87e13d763bd612c79ee39566e26935d6516cf24, which-20240503-b2333e4/which.asd
which-test, ghcr.io/ocicl/which@sha256:9379b03483ad339c81a3a897b87e13d763bd612c79ee39566e26935d6516cf24, which-20240503-b2333e4/which-test.asd
with-user-abort, ghcr.io/ocicl/with-user-abort@sha256:c19560034f9909a7afb4110b5efd939a9f1e829d9ef9887797b98679f290c480, with-user-abort-20240503-a3db02e/with-user-abort.asd
zip, ghcr.io/ocicl/zip@sha256:d58caf65f9942491bb1944240479d373d9cad9c7fb94133f7f165883acfb50bc, zip-20240503-688b154/zip.asd
